,raw
0,Вылет
1,Прилет
2,В пути
3,DME07:2515&nbsp;Мая
4,CDG12:1015&nbsp;Мая
5,6 ч. 45 мин.
6,Вылет
7,Прилет
8,В пути
9,CDG07:3528&nbsp;Мая
10,SVO15:4528&nbsp;Мая
11,6 ч. 10 мин.
12,CDG13:2028&nbsp;Мая
13,DME23:2028&nbsp;Мая
14,8 ч. 0 мин.
15,Вылет
16,Прилет
17,В пути
18,SVO07:3515&nbsp;Мая
19,CDG12:1015&nbsp;Мая
20,6 ч. 35 мин.
21,Вылет
22,Прилет
23,В пути
24,CDG07:3528&nbsp;Мая
25,SVO15:4528&nbsp;Мая
26,6 ч. 10 мин.
27,CDG13:2028&nbsp;Мая
28,DME23:2028&nbsp;Мая
29,8 ч. 0 мин.
30,Вылет
31,Прилет
32,В пути
33,DME07:2515&nbsp;Мая
34,CDG12:1015&nbsp;Мая
35,6 ч. 45 мин.
36,Вылет
37,Прилет
38,В пути
39,CDG12:4528&nbsp;Мая
40,SVO21:3028&nbsp;Мая
41,6 ч. 45 мин.
42,CDG13:2028&nbsp;Мая
43,SVO21:3028&nbsp;Мая
44,6 ч. 10 мин.
45,Вылет
46,Прилет
47,В пути
48,DME07:0015&nbsp;Мая
49,CDG11:4015&nbsp;Мая
50,6 ч. 40 мин.
51,Вылет
52,Прилет
53,В пути
54,CDG12:4028&nbsp;Мая
55,DME21:3028&nbsp;Мая
56,6 ч. 50 мин.
57,CDG12:4028&nbsp;Мая
58,DME22:3028&nbsp;Мая
59,7 ч. 50 мин.
60,Вылет
61,Прилет
62,В пути
63,SVO12:2515&nbsp;Мая
64,CDG19:3515&nbsp;Мая
65,9 ч. 10 мин.
66,SVO16:3015&nbsp;Мая
67,CDG22:2015&nbsp;Мая
68,7 ч. 50 мин.
69,Вылет
70,Прилет
71,В пути
72,CDG13:2528&nbsp;Мая
73,SVO21:4028&nbsp;Мая
74,6 ч. 15 мин.
75,Вылет
76,Прилет
77,В пути
78,DME18:3515&nbsp;Мая
79,CDG21:5515&nbsp;Мая
80,5 ч. 20 мин.
81,Вылет
82,Прилет
83,В пути
84,CDG18:4528&nbsp;Мая
85,DME02:2029&nbsp;Мая
86,5 ч. 35 мин.
87,Вылет
88,Прилет
89,В пути
90,DME18:3515&nbsp;Мая
91,CDG21:5515&nbsp;Мая
92,5 ч. 20 мин.
93,Вылет
94,Прилет
95,В пути
96,CDG09:2028&nbsp;Мая
97,DME17:3028&nbsp;Мая
98,6 ч. 10 мин.
99,Вылет
100,Прилет
101,В пути
102,SVO07:3515&nbsp;Мая
103,CDG12:1015&nbsp;Мая
104,6 ч. 35 мин.
105,Вылет
106,Прилет
107,В пути
108,CDG12:4528&nbsp;Мая
109,SVO21:3028&nbsp;Мая
110,6 ч. 45 мин.
111,CDG13:2028&nbsp;Мая
112,SVO21:3028&nbsp;Мая
113,6 ч. 10 мин.
114,Вылет
115,Прилет
116,В пути
117,DME18:3515&nbsp;Мая
118,CDG21:5515&nbsp;Мая
119,5 ч. 20 мин.
120,Вылет
121,Прилет
122,В пути
123,CDG09:2028&nbsp;Мая
124,VKO18:2528&nbsp;Мая
125,7 ч. 5 мин.
126,CDG10:5028&nbsp;Мая
127,VKO18:2528&nbsp;Мая
128,5 ч. 35 мин.
129,CDG17:5528&nbsp;Мая
130,VKO01:5529&nbsp;Мая
131,6 ч. 0 мин.
132,Вылет
133,Прилет
134,В пути
135,DME18:3515&nbsp;Мая
136,CDG21:5515&nbsp;Мая
137,5 ч. 20 мин.
138,Вылет
139,Прилет
140,В пути
141,CDG07:0028&nbsp;Мая
142,DME14:3528&nbsp;Мая
143,5 ч. 35 мин.
144,CDG18:3028&nbsp;Мая
145,DME02:2529&nbsp;Мая
146,5 ч. 55 мин.
147,Вылет
148,Прилет
149,В пути
150,DME06:3515&nbsp;Мая
151,CDG13:1515&nbsp;Мая
152,8 ч. 40 мин.
153,DME06:3515&nbsp;Мая
154,CDG10:1015&nbsp;Мая
155,5 ч. 35 мин.
156,DME06:3515&nbsp;Мая
157,CDG11:4015&nbsp;Мая
158,7 ч. 5 мин.
159,DME18:0015&nbsp;Мая
160,CDG21:4015&nbsp;Мая
161,5 ч. 40 мин.
162,Вылет
163,Прилет
164,В пути
165,CDG18:4528&nbsp;Мая
166,DME02:2029&nbsp;Мая
167,5 ч. 35 мин.
168,Вылет
169,Прилет
170,В пути
171,SVO05:3015&nbsp;Мая
172,CDG09:0015&nbsp;Мая
173,5 ч. 30 мин.
174,SVO16:0015&nbsp;Мая
175,CDG19:3515&nbsp;Мая
176,5 ч. 35 мин.
177,Вылет
178,Прилет
179,В пути
180,CDG13:2528&nbsp;Мая
181,SVO21:4028&nbsp;Мая
182,6 ч. 15 мин.
183,Вылет
184,Прилет
185,В пути
186,SVO12:2515&nbsp;Мая
187,CDG19:3515&nbsp;Мая
188,9 ч. 10 мин.
189,SVO16:3015&nbsp;Мая
190,CDG22:2015&nbsp;Мая
191,7 ч. 50 мин.
192,Вылет
193,Прилет
194,В пути
195,CDG07:2528&nbsp;Мая
196,SVO15:3528&nbsp;Мая
197,6 ч. 10 мин.
198,CDG18:1028&nbsp;Мая
199,SVO04:0529&nbsp;Мая
200,7 ч. 55 мин.
201,CDG20:2028&nbsp;Мая
202,SVO04:0529&nbsp;Мая
203,5 ч. 45 мин.
204,Вылет
205,Прилет
206,В пути
207,DME18:1515&nbsp;Мая
208,CDG22:1515&nbsp;Мая
209,6 ч. 0 мин.
210,Вылет
211,Прилет
212,В пути
213,CDG09:2028&nbsp;Мая
214,DME17:3028&nbsp;Мая
215,6 ч. 10 мин.
216,Вылет
217,Прилет
218,В пути
219,DME06:3515&nbsp;Мая
220,CDG13:1515&nbsp;Мая
221,8 ч. 40 мин.
222,DME06:3515&nbsp;Мая
223,CDG10:1015&nbsp;Мая
224,5 ч. 35 мин.
225,DME06:3515&nbsp;Мая
226,CDG11:4015&nbsp;Мая
227,7 ч. 5 мин.
228,DME18:0015&nbsp;Мая
229,CDG21:4015&nbsp;Мая
230,5 ч. 40 мин.
231,Вылет
232,Прилет
233,В пути
234,CDG09:2028&nbsp;Мая
235,DME17:3028&nbsp;Мая
236,6 ч. 10 мин.
237,Вылет
238,Прилет
239,В пути
240,DME18:1515&nbsp;Мая
241,CDG22:1515&nbsp;Мая
242,6 ч. 0 мин.
243,Вылет
244,Прилет
245,В пути
246,CDG09:2028&nbsp;Мая
247,VKO18:2528&nbsp;Мая
248,7 ч. 5 мин.
249,CDG10:5028&nbsp;Мая
250,VKO18:2528&nbsp;Мая
251,5 ч. 35 мин.
252,CDG17:5528&nbsp;Мая
253,VKO01:5529&nbsp;Мая
254,6 ч. 0 мин.
255,Вылет
256,Прилет
257,В пути
258,VKO15:4015&nbsp;Мая
259,CDG19:1515&nbsp;Мая
260,5 ч. 35 мин.
261,VKO15:4015&nbsp;Мая
262,CDG21:3515&nbsp;Мая
263,7 ч. 55 мин.
264,Вылет
265,Прилет
266,В пути
267,CDG11:0028&nbsp;Мая
268,SVO20:0528&nbsp;Мая
269,7 ч. 5 мин.
270,Вылет
271,Прилет
272,В пути
273,DME06:3515&nbsp;Мая
274,CDG13:1515&nbsp;Мая
275,8 ч. 40 мин.
276,DME06:3515&nbsp;Мая
277,CDG10:1015&nbsp;Мая
278,5 ч. 35 мин.
279,DME06:3515&nbsp;Мая
280,CDG11:4015&nbsp;Мая
281,7 ч. 5 мин.
282,DME18:0015&nbsp;Мая
283,CDG21:4015&nbsp;Мая
284,5 ч. 40 мин.
285,Вылет
286,Прилет
287,В пути
288,CDG09:2028&nbsp;Мая
289,VKO18:2528&nbsp;Мая
290,7 ч. 5 мин.
291,CDG10:5028&nbsp;Мая
292,VKO18:2528&nbsp;Мая
293,5 ч. 35 мин.
294,CDG17:5528&nbsp;Мая
295,VKO01:5529&nbsp;Мая
296,6 ч. 0 мин.
297,Вылет
298,Прилет
299,В пути
300,VKO15:4015&nbsp;Мая
301,CDG19:1515&nbsp;Мая
302,5 ч. 35 мин.
303,VKO15:4015&nbsp;Мая
304,CDG21:3515&nbsp;Мая
305,7 ч. 55 мин.
306,Вылет
307,Прилет
308,В пути
309,CDG07:0028&nbsp;Мая
310,VKO14:5028&nbsp;Мая
311,5 ч. 50 мин.
312,Вылет
313,Прилет
314,В пути
315,VKO15:4015&nbsp;Мая
316,CDG19:1515&nbsp;Мая
317,5 ч. 35 мин.
318,VKO15:4015&nbsp;Мая
319,CDG21:3515&nbsp;Мая
320,7 ч. 55 мин.
321,Вылет
322,Прилет
323,В пути
324,CDG06:1028&nbsp;Мая
325,SVO14:4528&nbsp;Мая
326,6 ч. 35 мин.
327,Вылет
328,Прилет
329,В пути
330,DME18:3515&nbsp;Мая
331,CDG21:5515&nbsp;Мая
332,5 ч. 20 мин.
333,Вылет
334,Прилет
335,В пути
336,CDG11:0028&nbsp;Мая
337,SVO20:0528&nbsp;Мая
338,7 ч. 5 мин.
339,Вылет
340,Прилет
341,В пути
342,SVO16:3015&nbsp;Мая
343,CDG22:2015&nbsp;Мая
344,7 ч. 50 мин.
345,Вылет
346,Прилет
347,В пути
348,CDG07:2528&nbsp;Мая
349,SVO15:3528&nbsp;Мая
350,6 ч. 10 мин.
351,CDG13:2528&nbsp;Мая
352,SVO21:4028&nbsp;Мая
353,6 ч. 15 мин.
354,CDG20:2028&nbsp;Мая
355,SVO04:0529&nbsp;Мая
356,5 ч. 45 мин.
357,Вылет
358,Прилет
359,В пути
360,DME18:3515&nbsp;Мая
361,CDG21:5515&nbsp;Мая
362,5 ч. 20 мин.
363,Вылет
364,Прилет
365,В пути
366,CDG06:1028&nbsp;Мая
367,SVO14:4528&nbsp;Мая
368,6 ч. 35 мин.
369,Вылет
370,Прилет
371,В пути
372,DME06:3515&nbsp;Мая
373,CDG13:1515&nbsp;Мая
374,8 ч. 40 мин.
375,DME06:3515&nbsp;Мая
376,CDG10:1015&nbsp;Мая
377,5 ч. 35 мин.
378,DME06:3515&nbsp;Мая
379,CDG11:4015&nbsp;Мая
380,7 ч. 5 мин.
381,DME18:0015&nbsp;Мая
382,CDG21:4015&nbsp;Мая
383,5 ч. 40 мин.
384,Вылет
385,Прилет
386,В пути
387,CDG07:0028&nbsp;Мая
388,DME14:3528&nbsp;Мая
389,5 ч. 35 мин.
390,CDG18:3028&nbsp;Мая
391,DME02:2529&nbsp;Мая
392,5 ч. 55 мин.
393,Вылет
394,Прилет
395,В пути
396,SVO15:4515&nbsp;Мая
397,CDG19:3515&nbsp;Мая
398,5 ч. 50 мин.
399,SVO15:4515&nbsp;Мая
400,CDG22:0515&nbsp;Мая
401,8 ч. 20 мин.
402,Вылет
403,Прилет
404,В пути
405,CDG09:2028&nbsp;Мая
406,DME17:3028&nbsp;Мая
407,6 ч. 10 мин.
408,Вылет
409,Прилет
410,В пути
411,DME18:3515&nbsp;Мая
412,CDG21:5515&nbsp;Мая
413,5 ч. 20 мин.
414,Вылет
415,Прилет
416,В пути
417,CDG07:0028&nbsp;Мая
418,VKO14:5028&nbsp;Мая
419,5 ч. 50 мин.
420,Вылет
421,Прилет
422,В пути
423,DME18:3515&nbsp;Мая
424,CDG21:5515&nbsp;Мая
425,5 ч. 20 мин.
426,Вылет
427,Прилет
428,В пути
429,CDG09:5028&nbsp;Мая
430,DME17:5528&nbsp;Мая
431,6 ч. 5 мин.
432,Вылет
433,Прилет
434,В пути
435,VKO15:4015&nbsp;Мая
436,CDG19:1515&nbsp;Мая
437,5 ч. 35 мин.
438,VKO15:4015&nbsp;Мая
439,CDG21:3515&nbsp;Мая
440,7 ч. 55 мин.
441,Вылет
442,Прилет
443,В пути
444,CDG07:1528&nbsp;Мая
445,SVO15:1028&nbsp;Мая
446,5 ч. 55 мин.
447,CDG07:1528&nbsp;Мая
448,SVO16:3528&nbsp;Мая
449,7 ч. 20 мин.
450,Вылет
451,Прилет
452,В пути
453,SVO16:0015&nbsp;Мая
454,CDG19:3515&nbsp;Мая
455,5 ч. 35 мин.
456,Вылет
457,Прилет
458,В пути
459,CDG07:2528&nbsp;Мая
460,SVO15:3528&nbsp;Мая
461,6 ч. 10 мин.
462,CDG13:2528&nbsp;Мая
463,SVO21:4028&nbsp;Мая
464,6 ч. 15 мин.
465,CDG20:2028&nbsp;Мая
466,SVO04:0529&nbsp;Мая
467,5 ч. 45 мин.
468,Вылет
469,Прилет
470,В пути
471,DME04:5515&nbsp;Мая
472,CDG08:1015&nbsp;Мая
473,5 ч. 15 мин.
474,Вылет
475,Прилет
476,В пути
477,CDG08:5528&nbsp;Мая
478,DME15:4528&nbsp;Мая
479,4 ч. 50 мин.
480,CDG21:0028&nbsp;Мая
481,DME03:5029&nbsp;Мая
482,4 ч. 50 мин.
483,Вылет
484,Прилет
485,В пути
486,SVO05:3015&nbsp;Мая
487,CDG09:2515&nbsp;Мая
488,5 ч. 55 мин.
489,SVO05:3015&nbsp;Мая
490,CDG10:4515&nbsp;Мая
491,7 ч. 15 мин.
492,SVO05:3015&nbsp;Мая
493,CDG12:0015&nbsp;Мая
494,8 ч. 30 мин.
495,Вылет
496,Прилет
497,В пути
498,CDG08:4528&nbsp;Мая
499,SVO17:0028&nbsp;Мая
500,6 ч. 15 мин.
501,CDG09:3528&nbsp;Мая
502,SVO18:1528&nbsp;Мая
503,6 ч. 40 мин.
504,CDG09:3528&nbsp;Мая
505,SVO17:0028&nbsp;Мая
506,5 ч. 25 мин.
507,CDG10:2028&nbsp;Мая
508,SVO18:1528&nbsp;Мая
509,5 ч. 55 мин.
510,CDG16:4028&nbsp;Мая
511,SVO02:0529&nbsp;Мая
512,7 ч. 25 мин.
513,CDG18:4028&nbsp;Мая
514,SVO02:0529&nbsp;Мая
515,5 ч. 25 мин.
516,Вылет
517,Прилет
518,В пути
519,DME18:3515&nbsp;Мая
520,CDG21:5515&nbsp;Мая
521,5 ч. 20 мин.
522,Вылет
523,Прилет
524,В пути
525,CDG07:1528&nbsp;Мая
526,SVO15:1028&nbsp;Мая
527,5 ч. 55 мин.
528,CDG07:1528&nbsp;Мая
529,SVO16:3528&nbsp;Мая
530,7 ч. 20 мин.
531,Вылет
532,Прилет
533,В пути
534,SVO15:4515&nbsp;Мая
535,CDG19:3515&nbsp;Мая
536,5 ч. 50 мин.
537,SVO15:4515&nbsp;Мая
538,CDG22:0515&nbsp;Мая
539,8 ч. 20 мин.
540,Вылет
541,Прилет
542,В пути
543,CDG06:1028&nbsp;Мая
544,SVO14:4528&nbsp;Мая
545,6 ч. 35 мин.
546,Вылет
547,Прилет
548,В пути
549,SVO11:4015&nbsp;Мая
550,CDG17:5515&nbsp;Мая
551,8 ч. 15 мин.
552,Вылет
553,Прилет
554,В пути
555,CDG12:4028&nbsp;Мая
556,DME21:3028&nbsp;Мая
557,6 ч. 50 мин.
558,CDG12:4028&nbsp;Мая
559,DME22:3028&nbsp;Мая
560,7 ч. 50 мин.
561,Вылет
562,Прилет
563,В пути
564,SVO15:4515&nbsp;Мая
565,CDG19:3515&nbsp;Мая
566,5 ч. 50 мин.
567,SVO15:4515&nbsp;Мая
568,CDG22:0515&nbsp;Мая
569,8 ч. 20 мин.
570,Вылет
571,Прилет
572,В пути
573,CDG11:0028&nbsp;Мая
574,SVO20:0528&nbsp;Мая
575,7 ч. 5 мин.
576,Вылет
577,Прилет
578,В пути
579,SVO15:4515&nbsp;Мая
580,CDG19:3515&nbsp;Мая
581,5 ч. 50 мин.
582,SVO15:4515&nbsp;Мая
583,CDG22:0515&nbsp;Мая
584,8 ч. 20 мин.
585,Вылет
586,Прилет
587,В пути
588,CDG07:0028&nbsp;Мая
589,VKO14:5028&nbsp;Мая
590,5 ч. 50 мин.
591,Вылет
592,Прилет
593,В пути
594,SVO15:4515&nbsp;Мая
595,CDG19:3515&nbsp;Мая
596,5 ч. 50 мин.
597,SVO15:4515&nbsp;Мая
598,CDG22:0515&nbsp;Мая
599,8 ч. 20 мин.
600,Вылет
601,Прилет
602,В пути
603,CDG06:1028&nbsp;Мая
604,SVO14:4528&nbsp;Мая
605,6 ч. 35 мин.
606,Вылет
607,Прилет
608,В пути
609,SVO05:5015&nbsp;Мая
610,CDG11:0515&nbsp;Мая
611,7 ч. 15 мин.
612,SVO17:4515&nbsp;Мая
613,CDG23:2515&nbsp;Мая
614,7 ч. 40 мин.
615,Вылет
616,Прилет
617,В пути
618,CDG08:4528&nbsp;Мая
619,SVO17:0028&nbsp;Мая
620,6 ч. 15 мин.
621,CDG09:3528&nbsp;Мая
622,SVO18:1528&nbsp;Мая
623,6 ч. 40 мин.
624,CDG09:3528&nbsp;Мая
625,SVO17:0028&nbsp;Мая
626,5 ч. 25 мин.
627,CDG10:2028&nbsp;Мая
628,SVO18:1528&nbsp;Мая
629,5 ч. 55 мин.
630,CDG16:4028&nbsp;Мая
631,SVO02:0529&nbsp;Мая
632,7 ч. 25 мин.
633,CDG18:4028&nbsp;Мая
634,SVO02:0529&nbsp;Мая
635,5 ч. 25 мин.
636,Вылет
637,Прилет
638,В пути
639,DME16:3015&nbsp;Мая
640,CDG20:1515&nbsp;Мая
641,5 ч. 45 мин.
642,Вылет
643,Прилет
644,В пути
645,CDG08:5528&nbsp;Мая
646,DME15:4528&nbsp;Мая
647,4 ч. 50 мин.
648,CDG21:0028&nbsp;Мая
649,DME03:5029&nbsp;Мая
650,4 ч. 50 мин.
651,Вылет
652,Прилет
653,В пути
654,SVO05:3015&nbsp;Мая
655,CDG09:2515&nbsp;Мая
656,5 ч. 55 мин.
657,SVO05:3015&nbsp;Мая
658,CDG10:4515&nbsp;Мая
659,7 ч. 15 мин.
660,Вылет
661,Прилет
662,В пути
663,CDG08:4528&nbsp;Мая
664,SVO17:0028&nbsp;Мая
665,6 ч. 15 мин.
666,CDG09:3528&nbsp;Мая
667,SVO18:1528&nbsp;Мая
668,6 ч. 40 мин.
669,CDG09:3528&nbsp;Мая
670,SVO17:0028&nbsp;Мая
671,5 ч. 25 мин.
672,CDG10:2028&nbsp;Мая
673,SVO18:1528&nbsp;Мая
674,5 ч. 55 мин.
675,CDG16:4028&nbsp;Мая
676,SVO02:0529&nbsp;Мая
677,7 ч. 25 мин.
678,CDG18:4028&nbsp;Мая
679,SVO02:0529&nbsp;Мая
680,5 ч. 25 мин.
681,Вылет
682,Прилет
683,В пути
684,DME18:1515&nbsp;Мая
685,CDG22:1515&nbsp;Мая
686,6 ч. 0 мин.
687,Вылет
688,Прилет
689,В пути
690,CDG16:5528&nbsp;Мая
691,DME01:2529&nbsp;Мая
692,6 ч. 30 мин.
693,Вылет
694,Прилет
695,В пути
696,DME17:1515&nbsp;Мая
697,ORY21:3515&nbsp;Мая
698,6 ч. 20 мин.
699,Вылет
700,Прилет
701,В пути
702,ORY19:4028&nbsp;Мая
703,DME04:2029&nbsp;Мая
704,6 ч. 40 мин.
705,Вылет
706,Прилет
707,В пути
708,SVO16:3015&nbsp;Мая
709,CDG22:2015&nbsp;Мая
710,7 ч. 50 мин.
711,Вылет
712,Прилет
713,В пути
714,CDG13:2528&nbsp;Мая
715,SVO22:3528&nbsp;Мая
716,7 ч. 10 мин.
717,Вылет
718,Прилет
719,В пути
720,SVO05:3015&nbsp;Мая
721,CDG09:2515&nbsp;Мая
722,5 ч. 55 мин.
723,SVO05:3015&nbsp;Мая
724,CDG10:4515&nbsp;Мая
725,7 ч. 15 мин.
726,SVO05:3015&nbsp;Мая
727,CDG12:0015&nbsp;Мая
728,8 ч. 30 мин.
729,Вылет
730,Прилет
731,В пути
732,CDG17:5028&nbsp;Мая
733,SVO02:0529&nbsp;Мая
734,6 ч. 15 мин.
735,Вылет
736,Прилет
737,В пути
738,DME10:3515&nbsp;Мая
739,ORY12:4015&nbsp;Мая
740,4 ч. 5 мин.
741,Вылет
742,Прилет
743,В пути
744,ORY09:2028&nbsp;Мая
745,VKO15:0028&nbsp;Мая
746,3 ч. 40 мин.
747,ORY15:3028&nbsp;Мая
748,VKO21:3028&nbsp;Мая
749,4 ч. 0 мин.
750,Вылет
751,Прилет
752,В пути
753,DME18:1515&nbsp;Мая
754,CDG22:1515&nbsp;Мая
755,6 ч. 0 мин.
756,Вылет
757,Прилет
758,В пути
759,CDG11:0028&nbsp;Мая
760,SVO20:0528&nbsp;Мая
761,7 ч. 5 мин.
762,Вылет
763,Прилет
764,В пути
765,DME18:1515&nbsp;Мая
766,CDG22:1515&nbsp;Мая
767,6 ч. 0 мин.
768,Вылет
769,Прилет
770,В пути
771,CDG07:0028&nbsp;Мая
772,VKO14:5028&nbsp;Мая
773,5 ч. 50 мин.
774,Вылет
775,Прилет
776,В пути
777,DME18:1515&nbsp;Мая
778,CDG22:1515&nbsp;Мая
779,6 ч. 0 мин.
780,Вылет
781,Прилет
782,В пути
783,CDG06:1028&nbsp;Мая
784,SVO14:4528&nbsp;Мая
785,6 ч. 35 мин.
786,Вылет
787,Прилет
788,В пути
789,VKO15:4015&nbsp;Мая
790,CDG19:1515&nbsp;Мая
791,5 ч. 35 мин.
792,VKO15:4015&nbsp;Мая
793,CDG21:3515&nbsp;Мая
794,7 ч. 55 мин.
795,Вылет
796,Прилет
797,В пути
798,CDG16:5528&nbsp;Мая
799,DME01:2529&nbsp;Мая
800,6 ч. 30 мин.
801,Вылет
802,Прилет
803,В пути
804,VKO09:2015&nbsp;Мая
805,CDG13:1515&nbsp;Мая
806,5 ч. 55 мин.
807,VKO09:2015&nbsp;Мая
808,CDG14:4515&nbsp;Мая
809,7 ч. 25 мин.
810,Вылет
811,Прилет
812,В пути
813,CDG09:2028&nbsp;Мая
814,DME17:3028&nbsp;Мая
815,6 ч. 10 мин.
816,Вылет
817,Прилет
818,В пути
819,DME07:0515&nbsp;Мая
820,CDG13:1515&nbsp;Мая
821,8 ч. 10 мин.
822,DME07:0515&nbsp;Мая
823,CDG10:4515&nbsp;Мая
824,5 ч. 40 мин.
825,DME13:3515&nbsp;Мая
826,CDG17:0515&nbsp;Мая
827,5 ч. 30 мин.
828,DME13:3515&nbsp;Мая
829,CDG18:1515&nbsp;Мая
830,6 ч. 40 мин.
831,DME13:3515&nbsp;Мая
832,CDG19:2015&nbsp;Мая
833,7 ч. 45 мин.
834,DME17:3515&nbsp;Мая
835,CDG21:3515&nbsp;Мая
836,6 ч. 0 мин.
837,DME17:3515&nbsp;Мая
838,CDG22:4515&nbsp;Мая
839,7 ч. 10 мин.
840,DME18:3015&nbsp;Мая
841,CDG22:4515&nbsp;Мая
842,6 ч. 15 мин.
843,Вылет
844,Прилет
845,В пути
846,CDG09:2028&nbsp;Мая
847,DME17:3028&nbsp;Мая
848,6 ч. 10 мин.
849,Вылет
850,Прилет
851,В пути
852,SVO15:4515&nbsp;Мая
853,CDG19:3515&nbsp;Мая
854,5 ч. 50 мин.
855,SVO15:4515&nbsp;Мая
856,CDG22:0515&nbsp;Мая
857,8 ч. 20 мин.
858,Вылет
859,Прилет
860,В пути
861,CDG07:1528&nbsp;Мая
862,SVO15:1028&nbsp;Мая
863,5 ч. 55 мин.
864,CDG07:1528&nbsp;Мая
865,SVO16:3528&nbsp;Мая
866,7 ч. 20 мин.
867,Вылет
868,Прилет
869,В пути
870,DME10:3515&nbsp;Мая
871,ORY12:4015&nbsp;Мая
872,4 ч. 5 мин.
873,Вылет
874,Прилет
875,В пути
876,ORY09:2028&nbsp;Мая
877,VKO15:0028&nbsp;Мая
878,3 ч. 40 мин.
879,ORY15:3028&nbsp;Мая
880,VKO21:3028&nbsp;Мая
881,4 ч. 0 мин.
882,Вылет
883,Прилет
884,В пути
885,SVO07:2515&nbsp;Мая
886,CDG09:2015&nbsp;Мая
887,3 ч. 55 мин.
888,SVO09:4515&nbsp;Мая
889,CDG11:4015&nbsp;Мая
890,3 ч. 55 мин.
891,SVO12:4015&nbsp;Мая
892,CDG14:3515&nbsp;Мая
893,3 ч. 55 мин.
894,SVO14:1015&nbsp;Мая
895,CDG16:0515&nbsp;Мая
896,3 ч. 55 мин.
897,SVO15:0515&nbsp;Мая
898,CDG17:0015&nbsp;Мая
899,3 ч. 55 мин.
900,SVO16:1515&nbsp;Мая
901,CDG18:1015&nbsp;Мая
902,3 ч. 55 мин.
903,Вылет
904,Прилет
905,В пути
906,CDG09:3528&nbsp;Мая
907,SVO15:1528&nbsp;Мая
908,3 ч. 40 мин.
909,CDG12:4528&nbsp;Мая
910,SVO18:3528&nbsp;Мая
911,3 ч. 50 мин.
912,CDG15:5528&nbsp;Мая
913,SVO21:2528&nbsp;Мая
914,3 ч. 30 мин.
915,CDG23:2528&nbsp;Мая
916,SVO05:0029&nbsp;Мая
917,3 ч. 35 мин.
918,Вылет
919,Прилет
920,В пути
921,SVO05:5015&nbsp;Мая
922,CDG11:0515&nbsp;Мая
923,7 ч. 15 мин.
924,SVO17:4515&nbsp;Мая
925,CDG23:2515&nbsp;Мая
926,7 ч. 40 мин.
927,Вылет
928,Прилет
929,В пути
930,ORY11:0528&nbsp;Мая
931,SVO21:0028&nbsp;Мая
932,7 ч. 55 мин.
933,Вылет
934,Прилет
935,В пути
936,SVO05:5015&nbsp;Мая
937,CDG11:0515&nbsp;Мая
938,7 ч. 15 мин.
939,SVO17:4515&nbsp;Мая
940,CDG23:2515&nbsp;Мая
941,7 ч. 40 мин.
942,Вылет
943,Прилет
944,В пути
945,CDG07:0028&nbsp;Мая
946,SVO16:3528&nbsp;Мая
947,7 ч. 35 мин.
948,CDG12:3528&nbsp;Мая
949,SVO21:0028&nbsp;Мая
950,6 ч. 25 мин.
951,CDG18:3528&nbsp;Мая
952,SVO03:3529&nbsp;Мая
953,7 ч. 0 мин.
954,Вылет
955,Прилет
956,В пути
957,DME16:5515&nbsp;Мая
958,ORY20:3015&nbsp;Мая
959,5 ч. 35 мин.
960,Вылет
961,Прилет
962,В пути
963,ORY08:4528&nbsp;Мая
964,DME16:1028&nbsp;Мая
965,5 ч. 25 мин.
966,Вылет
967,Прилет
968,В пути
969,SVO11:1015&nbsp;Мая
970,CDG13:1015&nbsp;Мая
971,4 ч. 0 мин.
972,Вылет
973,Прилет
974,В пути
975,CDG09:3528&nbsp;Мая
976,SVO15:1528&nbsp;Мая
977,3 ч. 40 мин.
978,CDG12:4528&nbsp;Мая
979,SVO18:3528&nbsp;Мая
980,3 ч. 50 мин.
981,CDG15:5528&nbsp;Мая
982,SVO21:2528&nbsp;Мая
983,3 ч. 30 мин.
984,CDG23:2528&nbsp;Мая
985,SVO05:0029&nbsp;Мая
986,3 ч. 35 мин.
987,Вылет
988,Прилет
989,В пути
990,SVO07:2515&nbsp;Мая
991,CDG09:2015&nbsp;Мая
992,3 ч. 55 мин.
993,SVO09:4515&nbsp;Мая
994,CDG11:4015&nbsp;Мая
995,3 ч. 55 мин.
996,SVO12:4015&nbsp;Мая
997,CDG14:3515&nbsp;Мая
998,3 ч. 55 мин.
999,SVO14:1015&nbsp;Мая
1000,CDG16:0515&nbsp;Мая
1001,3 ч. 55 мин.
1002,SVO15:0515&nbsp;Мая
1003,CDG17:0015&nbsp;Мая
1004,3 ч. 55 мин.
1005,SVO16:1515&nbsp;Мая
1006,CDG18:1015&nbsp;Мая
1007,3 ч. 55 мин.
1008,Вылет
1009,Прилет
1010,В пути
1011,CDG11:4528&nbsp;Мая
1012,SVO17:2028&nbsp;Мая
1013,3 ч. 35 мин.
1014,CDG14:0028&nbsp;Мая
1015,SVO19:3028&nbsp;Мая
1016,3 ч. 30 мин.
1017,CDG18:1028&nbsp;Мая
1018,SVO23:4528&nbsp;Мая
1019,3 ч. 35 мин.
1020,Вылет
1021,Прилет
1022,В пути
1023,SVO11:1015&nbsp;Мая
1024,CDG13:1015&nbsp;Мая
1025,4 ч. 0 мин.
1026,Вылет
1027,Прилет
1028,В пути
1029,CDG11:4528&nbsp;Мая
1030,SVO17:2028&nbsp;Мая
1031,3 ч. 35 мин.
1032,CDG14:0028&nbsp;Мая
1033,SVO19:3028&nbsp;Мая
1034,3 ч. 30 мин.
1035,CDG18:1028&nbsp;Мая
1036,SVO23:4528&nbsp;Мая
1037,3 ч. 35 мин.
1038,Вылет
1039,Прилет
1040,В пути
1041,SVO11:1015&nbsp;Мая
1042,CDG13:1015&nbsp;Мая
1043,4 ч. 0 мин.
1044,SVO12:4015&nbsp;Мая
1045,CDG14:3515&nbsp;Мая
1046,3 ч. 55 мин.
1047,SVO14:1015&nbsp;Мая
1048,CDG16:0515&nbsp;Мая
1049,3 ч. 55 мин.
1050,SVO15:0515&nbsp;Мая
1051,CDG17:0015&nbsp;Мая
1052,3 ч. 55 мин.
1053,Вылет
1054,Прилет
1055,В пути
1056,CDG07:3028&nbsp;Мая
1057,SVO13:1028&nbsp;Мая
1058,3 ч. 40 мин.
1059,CDG12:4528&nbsp;Мая
1060,SVO18:3528&nbsp;Мая
1061,3 ч. 50 мин.
1062,CDG16:0028&nbsp;Мая
1063,SVO21:4028&nbsp;Мая
1064,3 ч. 40 мин.
1065,CDG19:3028&nbsp;Мая
1066,SVO01:1029&nbsp;Мая
1067,3 ч. 40 мин.
1068,Вылет
1069,Прилет
1070,В пути
1071,SVO07:2515&nbsp;Мая
1072,CDG09:2015&nbsp;Мая
1073,3 ч. 55 мин.
1074,SVO09:4515&nbsp;Мая
1075,CDG11:4015&nbsp;Мая
1076,3 ч. 55 мин.
1077,SVO12:4015&nbsp;Мая
1078,CDG14:3515&nbsp;Мая
1079,3 ч. 55 мин.
1080,SVO14:1015&nbsp;Мая
1081,CDG16:0515&nbsp;Мая
1082,3 ч. 55 мин.
1083,SVO15:0515&nbsp;Мая
1084,CDG17:0015&nbsp;Мая
1085,3 ч. 55 мин.
1086,SVO16:1515&nbsp;Мая
1087,CDG18:1015&nbsp;Мая
1088,3 ч. 55 мин.
1089,Вылет
1090,Прилет
1091,В пути
1092,CDG07:3028&nbsp;Мая
1093,SVO13:1028&nbsp;Мая
1094,3 ч. 40 мин.
1095,CDG19:3028&nbsp;Мая
1096,SVO01:1029&nbsp;Мая
1097,3 ч. 40 мин.
1098,Вылет
1099,Прилет
1100,В пути
1101,SVO19:4515&nbsp;Мая
1102,CDG21:4015&nbsp;Мая
1103,3 ч. 55 мин.
1104,Вылет
1105,Прилет
1106,В пути
1107,CDG09:3528&nbsp;Мая
1108,SVO15:1528&nbsp;Мая
1109,3 ч. 40 мин.
1110,CDG12:4528&nbsp;Мая
1111,SVO18:3528&nbsp;Мая
1112,3 ч. 50 мин.
1113,CDG15:5528&nbsp;Мая
1114,SVO21:2528&nbsp;Мая
1115,3 ч. 30 мин.
1116,CDG23:2528&nbsp;Мая
1117,SVO05:0029&nbsp;Мая
1118,3 ч. 35 мин.
1119,Вылет
1120,Прилет
1121,В пути
1122,SVO11:1015&nbsp;Мая
1123,CDG13:1015&nbsp;Мая
1124,4 ч. 0 мин.
1125,SVO12:4015&nbsp;Мая
1126,CDG14:3515&nbsp;Мая
1127,3 ч. 55 мин.
1128,SVO14:1015&nbsp;Мая
1129,CDG16:0515&nbsp;Мая
1130,3 ч. 55 мин.
1131,SVO15:0515&nbsp;Мая
1132,CDG17:0015&nbsp;Мая
1133,3 ч. 55 мин.
1134,Вылет
1135,Прилет
1136,В пути
1137,CDG18:1028&nbsp;Мая
1138,SVO23:4528&nbsp;Мая
1139,3 ч. 35 мин.
1140,CDG23:2528&nbsp;Мая
1141,SVO05:0029&nbsp;Мая
1142,3 ч. 35 мин.
1143,Вылет
1144,Прилет
1145,В пути
1146,SVO07:2515&nbsp;Мая
1147,CDG09:2015&nbsp;Мая
1148,3 ч. 55 мин.
1149,SVO08:5015&nbsp;Мая
1150,CDG10:4515&nbsp;Мая
1151,3 ч. 55 мин.
1152,SVO09:4515&nbsp;Мая
1153,CDG11:4015&nbsp;Мая
1154,3 ч. 55 мин.
1155,SVO16:1515&nbsp;Мая
1156,CDG18:1015&nbsp;Мая
1157,3 ч. 55 мин.
1158,SVO19:4515&nbsp;Мая
1159,CDG21:4015&nbsp;Мая
1160,3 ч. 55 мин.
1161,Вылет
1162,Прилет
1163,В пути
1164,CDG07:3028&nbsp;Мая
1165,SVO13:1028&nbsp;Мая
1166,3 ч. 40 мин.
1167,CDG12:4528&nbsp;Мая
1168,SVO18:3528&nbsp;Мая
1169,3 ч. 50 мин.
1170,CDG16:0028&nbsp;Мая
1171,SVO21:4028&nbsp;Мая
1172,3 ч. 40 мин.
1173,CDG19:3028&nbsp;Мая
1174,SVO01:1029&nbsp;Мая
1175,3 ч. 40 мин.
1176,Вылет
1177,Прилет
1178,В пути
1179,SVO11:1015&nbsp;Мая
1180,CDG13:1015&nbsp;Мая
1181,4 ч. 0 мин.
1182,Вылет
1183,Прилет
1184,В пути
1185,CDG07:3028&nbsp;Мая
1186,SVO13:1028&nbsp;Мая
1187,3 ч. 40 мин.
1188,CDG19:3028&nbsp;Мая
1189,SVO01:1029&nbsp;Мая
1190,3 ч. 40 мин.
1191,Вылет
1192,Прилет
1193,В пути
1194,SVO19:4515&nbsp;Мая
1195,CDG21:4015&nbsp;Мая
1196,3 ч. 55 мин.
1197,Вылет
1198,Прилет
1199,В пути
1200,CDG11:4528&nbsp;Мая
1201,SVO17:2028&nbsp;Мая
1202,3 ч. 35 мин.
1203,CDG14:0028&nbsp;Мая
1204,SVO19:3028&nbsp;Мая
1205,3 ч. 30 мин.
1206,CDG18:1028&nbsp;Мая
1207,SVO23:4528&nbsp;Мая
1208,3 ч. 35 мин.
1209,Вылет
1210,Прилет
1211,В пути
1212,SVO07:2515&nbsp;Мая
1213,CDG09:2015&nbsp;Мая
1214,3 ч. 55 мин.
1215,SVO08:5015&nbsp;Мая
1216,CDG10:4515&nbsp;Мая
1217,3 ч. 55 мин.
1218,SVO09:4515&nbsp;Мая
1219,CDG11:4015&nbsp;Мая
1220,3 ч. 55 мин.
1221,SVO16:1515&nbsp;Мая
1222,CDG18:1015&nbsp;Мая
1223,3 ч. 55 мин.
1224,SVO19:4515&nbsp;Мая
1225,CDG21:4015&nbsp;Мая
1226,3 ч. 55 мин.
1227,Вылет
1228,Прилет
1229,В пути
1230,CDG18:1028&nbsp;Мая
1231,SVO23:4528&nbsp;Мая
1232,3 ч. 35 мин.
1233,CDG23:2528&nbsp;Мая
1234,SVO05:0029&nbsp;Мая
1235,3 ч. 35 мин.
1236,Вылет
1237,Прилет
1238,В пути
1239,SVO17:2015&nbsp;Мая
1240,CDG22:2015&nbsp;Мая
1241,7 ч. 0 мин.
1242,SVO18:5015&nbsp;Мая
1243,CDG22:2015&nbsp;Мая
1244,5 ч. 30 мин.
1245,Вылет
1246,Прилет
1247,В пути
1248,CDG11:0028&nbsp;Мая
1249,SVO20:0528&nbsp;Мая
1250,7 ч. 5 мин.
1251,Вылет
1252,Прилет
1253,В пути
1254,SVO11:1015&nbsp;Мая
1255,CDG13:1015&nbsp;Мая
1256,4 ч. 0 мин.
1257,SVO12:4015&nbsp;Мая
1258,CDG14:3515&nbsp;Мая
1259,3 ч. 55 мин.
1260,SVO14:1015&nbsp;Мая
1261,CDG16:0515&nbsp;Мая
1262,3 ч. 55 мин.
1263,SVO15:0515&nbsp;Мая
1264,CDG17:0015&nbsp;Мая
1265,3 ч. 55 мин.
1266,Вылет
1267,Прилет
1268,В пути
1269,CDG11:4528&nbsp;Мая
1270,SVO17:2028&nbsp;Мая
1271,3 ч. 35 мин.
1272,Вылет
1273,Прилет
1274,В пути
1275,SVO19:4515&nbsp;Мая
1276,CDG21:4015&nbsp;Мая
1277,3 ч. 55 мин.
1278,Вылет
1279,Прилет
1280,В пути
1281,CDG07:3028&nbsp;Мая
1282,SVO13:1028&nbsp;Мая
1283,3 ч. 40 мин.
1284,CDG19:3028&nbsp;Мая
1285,SVO01:1029&nbsp;Мая
1286,3 ч. 40 мин.
1287,Вылет
1288,Прилет
1289,В пути
1290,SVO18:5515&nbsp;Мая
1291,CDG20:5515&nbsp;Мая
1292,4 ч. 0 мин.
1293,Вылет
1294,Прилет
1295,В пути
1296,CDG07:3028&nbsp;Мая
1297,SVO13:1028&nbsp;Мая
1298,3 ч. 40 мин.
1299,CDG12:4528&nbsp;Мая
1300,SVO18:3528&nbsp;Мая
1301,3 ч. 50 мин.
1302,CDG16:0028&nbsp;Мая
1303,SVO21:4028&nbsp;Мая
1304,3 ч. 40 мин.
1305,CDG19:3028&nbsp;Мая
1306,SVO01:1029&nbsp;Мая
1307,3 ч. 40 мин.
1308,Вылет
1309,Прилет
1310,В пути
1311,SVO07:2515&nbsp;Мая
1312,CDG09:2015&nbsp;Мая
1313,3 ч. 55 мин.
1314,SVO09:4515&nbsp;Мая
1315,CDG11:4015&nbsp;Мая
1316,3 ч. 55 мин.
1317,SVO12:4015&nbsp;Мая
1318,CDG14:3515&nbsp;Мая
1319,3 ч. 55 мин.
1320,SVO14:1015&nbsp;Мая
1321,CDG16:0515&nbsp;Мая
1322,3 ч. 55 мин.
1323,SVO15:0515&nbsp;Мая
1324,CDG17:0015&nbsp;Мая
1325,3 ч. 55 мин.
1326,SVO16:1515&nbsp;Мая
1327,CDG18:1015&nbsp;Мая
1328,3 ч. 55 мин.
1329,Вылет
1330,Прилет
1331,В пути
1332,CDG16:0028&nbsp;Мая
1333,SVO21:4028&nbsp;Мая
1334,3 ч. 40 мин.
1335,Вылет
1336,Прилет
1337,В пути
1338,SVO08:5015&nbsp;Мая
1339,CDG10:4515&nbsp;Мая
1340,3 ч. 55 мин.
1341,SVO18:5515&nbsp;Мая
1342,CDG20:5515&nbsp;Мая
1343,4 ч. 0 мин.
1344,Вылет
1345,Прилет
1346,В пути
1347,CDG09:3528&nbsp;Мая
1348,SVO15:1528&nbsp;Мая
1349,3 ч. 40 мин.
1350,CDG12:4528&nbsp;Мая
1351,SVO18:3528&nbsp;Мая
1352,3 ч. 50 мин.
1353,CDG15:5528&nbsp;Мая
1354,SVO21:2528&nbsp;Мая
1355,3 ч. 30 мин.
1356,CDG23:2528&nbsp;Мая
1357,SVO05:0029&nbsp;Мая
1358,3 ч. 35 мин.
1359,Вылет
1360,Прилет
1361,В пути
1362,SVO18:5515&nbsp;Мая
1363,CDG20:5515&nbsp;Мая
1364,4 ч. 0 мин.
1365,Вылет
1366,Прилет
1367,В пути
1368,CDG18:1028&nbsp;Мая
1369,SVO23:4528&nbsp;Мая
1370,3 ч. 35 мин.
1371,CDG23:2528&nbsp;Мая
1372,SVO05:0029&nbsp;Мая
1373,3 ч. 35 мин.
1374,Вылет
1375,Прилет
1376,В пути
1377,SVO07:2515&nbsp;Мая
1378,CDG09:2015&nbsp;Мая
1379,3 ч. 55 мин.
1380,SVO08:5015&nbsp;Мая
1381,CDG10:4515&nbsp;Мая
1382,3 ч. 55 мин.
1383,SVO09:4515&nbsp;Мая
1384,CDG11:4015&nbsp;Мая
1385,3 ч. 55 мин.
1386,SVO16:1515&nbsp;Мая
1387,CDG18:1015&nbsp;Мая
1388,3 ч. 55 мин.
1389,SVO19:4515&nbsp;Мая
1390,CDG21:4015&nbsp;Мая
1391,3 ч. 55 мин.
1392,Вылет
1393,Прилет
1394,В пути
1395,CDG11:4528&nbsp;Мая
1396,SVO17:2028&nbsp;Мая
1397,3 ч. 35 мин.
1398,Вылет
1399,Прилет
1400,В пути
1401,SVO11:1015&nbsp;Мая
1402,CDG13:1015&nbsp;Мая
1403,4 ч. 0 мин.
1404,SVO12:4015&nbsp;Мая
1405,CDG14:3515&nbsp;Мая
1406,3 ч. 55 мин.
1407,SVO14:1015&nbsp;Мая
1408,CDG16:0515&nbsp;Мая
1409,3 ч. 55 мин.
1410,SVO15:0515&nbsp;Мая
1411,CDG17:0015&nbsp;Мая
1412,3 ч. 55 мин.
1413,Вылет
1414,Прилет
1415,В пути
1416,CDG09:3528&nbsp;Мая
1417,SVO15:1528&nbsp;Мая
1418,3 ч. 40 мин.
1419,CDG14:0028&nbsp;Мая
1420,SVO19:3028&nbsp;Мая
1421,3 ч. 30 мин.
1422,CDG15:5528&nbsp;Мая
1423,SVO21:2528&nbsp;Мая
1424,3 ч. 30 мин.
1425,Вылет
1426,Прилет
1427,В пути
1428,SVO11:1015&nbsp;Мая
1429,CDG13:1015&nbsp;Мая
1430,4 ч. 0 мин.
1431,Вылет
1432,Прилет
1433,В пути
1434,CDG16:0028&nbsp;Мая
1435,SVO21:4028&nbsp;Мая
1436,3 ч. 40 мин.
1437,Вылет
1438,Прилет
1439,В пути
1440,SVO08:5015&nbsp;Мая
1441,CDG10:4515&nbsp;Мая
1442,3 ч. 55 мин.
1443,SVO18:5515&nbsp;Мая
1444,CDG20:5515&nbsp;Мая
1445,4 ч. 0 мин.
1446,Вылет
1447,Прилет
1448,В пути
1449,CDG11:4528&nbsp;Мая
1450,SVO17:2028&nbsp;Мая
1451,3 ч. 35 мин.
1452,CDG14:0028&nbsp;Мая
1453,SVO19:3028&nbsp;Мая
1454,3 ч. 30 мин.
1455,CDG18:1028&nbsp;Мая
1456,SVO23:4528&nbsp;Мая
1457,3 ч. 35 мин.
1458,Вылет
1459,Прилет
1460,В пути
1461,SVO17:1015&nbsp;Мая
1462,CDG21:3515&nbsp;Мая
1463,6 ч. 25 мин.
1464,Вылет
1465,Прилет
1466,В пути
1467,CDG12:2028&nbsp;Мая
1468,SVO21:3028&nbsp;Мая
1469,7 ч. 10 мин.
1470,Вылет
1471,Прилет
1472,В пути
1473,SVO07:2515&nbsp;Мая
1474,CDG09:2015&nbsp;Мая
1475,3 ч. 55 мин.
1476,SVO08:5015&nbsp;Мая
1477,CDG10:4515&nbsp;Мая
1478,3 ч. 55 мин.
1479,SVO09:4515&nbsp;Мая
1480,CDG11:4015&nbsp;Мая
1481,3 ч. 55 мин.
1482,SVO16:1515&nbsp;Мая
1483,CDG18:1015&nbsp;Мая
1484,3 ч. 55 мин.
1485,SVO19:4515&nbsp;Мая
1486,CDG21:4015&nbsp;Мая
1487,3 ч. 55 мин.
1488,Вылет
1489,Прилет
1490,В пути
1491,CDG09:3528&nbsp;Мая
1492,SVO15:1528&nbsp;Мая
1493,3 ч. 40 мин.
1494,CDG14:0028&nbsp;Мая
1495,SVO19:3028&nbsp;Мая
1496,3 ч. 30 мин.
1497,CDG15:5528&nbsp;Мая
1498,SVO21:2528&nbsp;Мая
1499,3 ч. 30 мин.
1500,Вылет
1501,Прилет
1502,В пути
1503,SVO18:5515&nbsp;Мая
1504,CDG20:5515&nbsp;Мая
1505,4 ч. 0 мин.
1506,Вылет
1507,Прилет
1508,В пути
1509,CDG11:4528&nbsp;Мая
1510,SVO17:2028&nbsp;Мая
1511,3 ч. 35 мин.
1512,Вылет
1513,Прилет
1514,В пути
1515,SVO19:4515&nbsp;Мая
1516,CDG21:4015&nbsp;Мая
1517,3 ч. 55 мин.
1518,Вылет
1519,Прилет
1520,В пути
1521,CDG16:0028&nbsp;Мая
1522,SVO21:4028&nbsp;Мая
1523,3 ч. 40 мин.
1524,Вылет
1525,Прилет
1526,В пути
1527,SVO08:5015&nbsp;Мая
1528,CDG10:4515&nbsp;Мая
1529,3 ч. 55 мин.
1530,SVO18:5515&nbsp;Мая
1531,CDG20:5515&nbsp;Мая
1532,4 ч. 0 мин.
1533,Вылет
1534,Прилет
1535,В пути
1536,CDG07:3028&nbsp;Мая
1537,SVO13:1028&nbsp;Мая
1538,3 ч. 40 мин.
1539,CDG19:3028&nbsp;Мая
1540,SVO01:1029&nbsp;Мая
1541,3 ч. 40 мин.
1542,Вылет
1543,Прилет
1544,В пути
1545,DME10:3515&nbsp;Мая
1546,ORY12:4015&nbsp;Мая
1547,4 ч. 5 мин.
1548,Вылет
1549,Прилет
1550,В пути
1551,ORY09:2028&nbsp;Мая
1552,VKO15:0028&nbsp;Мая
1553,3 ч. 40 мин.
1554,ORY15:3028&nbsp;Мая
1555,VKO21:3028&nbsp;Мая
1556,4 ч. 0 мин.
1557,Вылет
1558,Прилет
1559,В пути
1560,SVO18:5515&nbsp;Мая
1561,CDG20:5515&nbsp;Мая
1562,4 ч. 0 мин.
1563,Вылет
1564,Прилет
1565,В пути
1566,CDG09:3528&nbsp;Мая
1567,SVO15:1528&nbsp;Мая
1568,3 ч. 40 мин.
1569,CDG14:0028&nbsp;Мая
1570,SVO19:3028&nbsp;Мая
1571,3 ч. 30 мин.
1572,CDG15:5528&nbsp;Мая
1573,SVO21:2528&nbsp;Мая
1574,3 ч. 30 мин.
1575,Вылет
1576,Прилет
1577,В пути
1578,DME10:3515&nbsp;Мая
1579,ORY12:4015&nbsp;Мая
1580,4 ч. 5 мин.
1581,Вылет
1582,Прилет
1583,В пути
1584,ORY09:2028&nbsp;Мая
1585,VKO15:0028&nbsp;Мая
1586,3 ч. 40 мин.
1587,ORY15:3028&nbsp;Мая
1588,VKO21:3028&nbsp;Мая
1589,4 ч. 0 мин.
1590,Вылет
1591,Прилет
1592,В пути
1593,SVO08:5015&nbsp;Мая
1594,CDG10:4515&nbsp;Мая
1595,3 ч. 55 мин.
1596,SVO18:5515&nbsp;Мая
1597,CDG20:5515&nbsp;Мая
1598,4 ч. 0 мин.
1599,Вылет
1600,Прилет
1601,В пути
1602,CDG16:0028&nbsp;Мая
1603,SVO21:4028&nbsp;Мая
1604,3 ч. 40 мин.
1605,Вылет
1606,Прилет
1607,В пути
1608,SVO07:2515&nbsp;Мая
1609,CDG09:2015&nbsp;Мая
1610,3 ч. 55 мин.
1611,SVO08:5015&nbsp;Мая
1612,CDG10:4515&nbsp;Мая
1613,3 ч. 55 мин.
1614,SVO09:4515&nbsp;Мая
1615,CDG11:4015&nbsp;Мая
1616,3 ч. 55 мин.
1617,SVO11:1015&nbsp;Мая
1618,CDG13:1015&nbsp;Мая
1619,4 ч. 0 мин.
1620,SVO12:4015&nbsp;Мая
1621,CDG14:3515&nbsp;Мая
1622,3 ч. 55 мин.
1623,SVO14:1015&nbsp;Мая
1624,CDG16:0515&nbsp;Мая
1625,3 ч. 55 мин.
1626,SVO15:0515&nbsp;Мая
1627,CDG17:0015&nbsp;Мая
1628,3 ч. 55 мин.
1629,SVO16:1515&nbsp;Мая
1630,CDG18:1015&nbsp;Мая
1631,3 ч. 55 мин.
1632,SVO18:5515&nbsp;Мая
1633,CDG20:5515&nbsp;Мая
1634,4 ч. 0 мин.
1635,SVO19:4515&nbsp;Мая
1636,CDG21:4015&nbsp;Мая
1637,3 ч. 55 мин.
1638,Вылет
1639,Прилет
1640,В пути
1641,ORY15:3028&nbsp;Мая
1642,VKO21:3028&nbsp;Мая
1643,4 ч. 0 мин.
1644,Вылет
1645,Прилет
1646,В пути
1647,DME10:3515&nbsp;Мая
1648,ORY12:4015&nbsp;Мая
1649,4 ч. 5 мин.
1650,Вылет
1651,Прилет
1652,В пути
1653,CDG07:3028&nbsp;Мая
1654,SVO13:1028&nbsp;Мая
1655,3 ч. 40 мин.
1656,CDG09:3528&nbsp;Мая
1657,SVO15:1528&nbsp;Мая
1658,3 ч. 40 мин.
1659,CDG11:4528&nbsp;Мая
1660,SVO17:2028&nbsp;Мая
1661,3 ч. 35 мин.
1662,CDG12:4528&nbsp;Мая
1663,SVO18:3528&nbsp;Мая
1664,3 ч. 50 мин.
1665,CDG14:0028&nbsp;Мая
1666,SVO19:3028&nbsp;Мая
1667,3 ч. 30 мин.
1668,CDG15:5528&nbsp;Мая
1669,SVO21:2528&nbsp;Мая
1670,3 ч. 30 мин.
1671,CDG16:0028&nbsp;Мая
1672,SVO21:4028&nbsp;Мая
1673,3 ч. 40 мин.
1674,CDG18:1028&nbsp;Мая
1675,SVO23:4528&nbsp;Мая
1676,3 ч. 35 мин.
1677,CDG19:3028&nbsp;Мая
1678,SVO01:1029&nbsp;Мая
1679,3 ч. 40 мин.
1680,CDG23:2528&nbsp;Мая
1681,SVO05:0029&nbsp;Мая
1682,3 ч. 35 мин.
